use product;
delete from DICT_INFO;
commit;
delete from OPERATOR_PRIVILEGE_INFO;
commit;
delete from OPERATOR_INFO;
commit;
delete from PRIVILEGE_INFO;
commit;

INSERT INTO DICT_INFO VALUES ('STATUS', '1', '已启用', '1');
INSERT INTO DICT_INFO VALUES ('STATUS', '2', '已停用', '1');
INSERT INTO DICT_INFO VALUES ('STATUS', '3', '已注销', '1');
INSERT INTO DICT_INFO VALUES ('USER_STATUS', '1', '已启用', '1');
INSERT INTO DICT_INFO VALUES ('USER_STATUS', '2', '已停用', '1');
INSERT INTO DICT_INFO VALUES ('USER_STATUS', '3', '已注销', '1');
INSERT INTO DICT_INFO VALUES ('USER_STATUS', '4', '待审核', '1');
INSERT INTO DICT_INFO VALUES ('USER_STATUS', '5', '被否决', '1');
INSERT INTO DICT_INFO VALUES ('RESULT', '1', '成功', '1');
INSERT INTO DICT_INFO VALUES ('RESULT', '2', '失败', '1');
INSERT INTO DICT_INFO VALUES ('MANAGER_TYPE', '1', '管理员', '1');
INSERT INTO DICT_INFO VALUES ('MANAGER_TYPE', '2', '操作员', '1');
INSERT INTO DICT_INFO VALUES ('OP_TYPE', '1', '登录/退出', '1');
INSERT INTO DICT_INFO VALUES ('OP_TYPE', '4', '操作员管理', '1');
INSERT INTO DICT_INFO VALUES ('OP_TYPE', '5', '业务系统管理', '1');
INSERT INTO DICT_INFO VALUES ('OP_TYPE', '6', '管理员管理', '1');
INSERT INTO DICT_INFO VALUES ('OP_TYPE', '10', '用户管理', '1');
INSERT INTO DICT_INFO VALUES ('AUDIT_STATUS', '1', '未审计', '1');
INSERT INTO DICT_INFO VALUES ('AUDIT_STATUS', '2', '审计通过', '1');
INSERT INTO DICT_INFO VALUES ('AUDIT_STATUS', '3', '审计不通过', '1');
INSERT INTO DICT_INFO VALUES ('SWITCH_STATUS', '1', '已打开', '1');
INSERT INTO DICT_INFO VALUES ('SWITCH_STATUS', '2', '已关闭', '1');
INSERT INTO DICT_INFO VALUES ('ACCESS_STYLE', '1', '快捷', '1');
INSERT INTO DICT_INFO VALUES ('ACCESS_STYLE', '2', '不快捷', '1');
INSERT INTO DICT_INFO VALUES ('CARD_TYPE', '1', '身份证', '1');
INSERT INTO DICT_INFO VALUES ('CARD_TYPE', '2', '军官证', '1');
INSERT INTO DICT_INFO VALUES ('CARD_TYPE', '3', '护照', '1');
INSERT INTO DICT_INFO VALUES ('CARD_TYPE', '4', '士兵证', '1');
INSERT INTO DICT_INFO VALUES ('CARD_TYPE', '5', '外交官证', '1');
INSERT INTO DICT_INFO VALUES ('CARD_TYPE', '6', '武警警官证', '1');
INSERT INTO DICT_INFO VALUES ('CARD_TYPE', '7', '其他', '1');
INSERT INTO DICT_INFO VALUES ('USER_TYPE', '1', '个人', '1');
INSERT INTO DICT_INFO VALUES ('USER_TYPE', '2', '企业', '1');
INSERT INTO DICT_INFO VALUES ('USER_IDENTITY', '1', '普通用户', '1');
INSERT INTO DICT_INFO VALUES ('USER_IDENTITY', '2', '管理员用户', '1');
INSERT INTO DICT_INFO VALUES ('AUTH_TYPE', '4', '账号密码', '1');
INSERT INTO DICT_INFO VALUES ('ACCESS_TYPE', '1', '门户访问', '1');
INSERT INTO DICT_INFO VALUES ('ACCESS_TYPE', '2', '接口调用', '1');
INSERT INTO DICT_INFO VALUES ('CONFIG_TYPE', '1', '短信网关接入', '1');
INSERT INTO DICT_INFO VALUES ('CONFIG_TYPE', '2', '短信动态口令配置', '1');
INSERT INTO DICT_INFO VALUES ('CONFIG_TYPE', '3', '接口地址', '1');
INSERT INTO DICT_INFO VALUES ('DATA_SOURCE', '1', '内部', '1');
INSERT INTO DICT_INFO VALUES ('DATA_SOURCE', '2', '外部', '1');
INSERT INTO DICT_INFO VALUES ('KEY_ALG', 'RSA', 'RSA', '1');
INSERT INTO DICT_INFO VALUES ('KEY_ALG', 'SM2', 'SM2', '1');
INSERT INTO DICT_INFO VALUES ('KEY_LENGTH_RSA', '1024', '1024', '1');
INSERT INTO DICT_INFO VALUES ('KEY_LENGTH_RSA', '2048', '2048', '1');
INSERT INTO DICT_INFO VALUES ('KEY_LENGTH_SM2', '256', '256', '1');
INSERT INTO DICT_INFO VALUES ('SIGN_ALG_RSA', 'SHA1withRSA', 'SHA1withRSA', '1');
INSERT INTO DICT_INFO VALUES ('SIGN_ALG_RSA', 'SHA256withRSA', 'SHA256withRSA', '1');
INSERT INTO DICT_INFO VALUES ('SIGN_ALG_SM2', 'SHA1withSM2', 'SHA1withSM2', '1');
INSERT INTO DICT_INFO VALUES ('SIGN_ALG_SM2', 'SM3withSM2', 'SM3withSM2', '1');
INSERT INTO DICT_INFO VALUES ('KEY_STATUS', '1', '未使用', '1');
INSERT INTO DICT_INFO VALUES ('KEY_STATUS', '2', '已使用', '1');
commit;

INSERT INTO PRIVILEGE_INFO VALUES (1020000, '管理员管理', null, null, '/statics/images/ico_yonghuzu.png', 0, 1020000, 1, now(), 2);
INSERT INTO PRIVILEGE_INFO VALUES (1020100, '管理员管理', 1020000, '/usermgr/qryp.action?flag=1', '主账号管理菜单及查询', 1, 1020100, 1, now(), 2);
INSERT INTO PRIVILEGE_INFO VALUES (1020101, '添加管理员', 1020100, '', '添加管理员', 2, 1020101, 1, now(), 2);
INSERT INTO PRIVILEGE_INFO VALUES (1020102, '批量添加管理员', 1020100, '', '批量添加管理员', 2, 1020102, 1, now(), 2);
INSERT INTO PRIVILEGE_INFO VALUES (1020103, '详情', 1020100, '', '查看主账号详情', 2, 1020103, 1, now(), 2);
INSERT INTO PRIVILEGE_INFO VALUES (1020104, '修改', 1020100, '', '修改主账号基本信息', 2, 1020104, 1, now(), 2);
INSERT INTO PRIVILEGE_INFO VALUES (1020105, '启用/停用', 1020100, '', '启用或停用管理员用户', 2, 1020105, 1, now(), 2);
INSERT INTO PRIVILEGE_INFO VALUES (1020106, '注销', 1020100, '', '注销管理员用户', 2, 1020106, 1, now(), 2);

INSERT INTO PRIVILEGE_INFO VALUES (1030000, '产品管理', null, null, '/statics/images/ico_user.png', 0, 1030000, 1, now(), 2);
INSERT INTO PRIVILEGE_INFO VALUES (1030100, '硬件信息管理', 1030000, '/hardware/qryAll.do?flag=1', '硬件信息管理菜单及查询', 1, 1030100, 1, now(), 2);
INSERT INTO PRIVILEGE_INFO VALUES (1030101, '添加硬件信息', 1030100, '', '添加硬件信息', 2, 1030101, 1, now(), 2);
INSERT INTO PRIVILEGE_INFO VALUES (1030102, '详情', 1030100, '', '查看硬件信息详情', 2, 1030102, 1, now(), 2);
INSERT INTO PRIVILEGE_INFO VALUES (1030103, '启用/停用/注销', 1030100, '', '启用或停用或注销硬件信息', 2, 1030103, 1, now(), 2);
INSERT INTO PRIVILEGE_INFO VALUES (1030104, '修改', 1030100, '', '修改硬件信息', 2, 1030104, 1, now(), 2);
INSERT INTO PRIVILEGE_INFO VALUES (1030200, '软件信息管理', 1030000, '/business/qry.action?flag=1', '软件信息管理菜单及查询', 1, 1030200, 1, now(), 2);
INSERT INTO PRIVILEGE_INFO VALUES (1030201, '添加业务系统', 1030200, '', '添加软件信息', 2, 1030201, 1, now(), 2);
INSERT INTO PRIVILEGE_INFO VALUES (1030202, '详情', 1030200, '', '查看软件信息详情', 2, 1030202, 1, now(), 2);
INSERT INTO PRIVILEGE_INFO VALUES (1030203, '启用/停用/注销', 1030200, '', '启用或停用或注销软件信息', 2, 1030203, 1, now(), 2);
INSERT INTO PRIVILEGE_INFO VALUES (1030204, '修改', 1030200, '', '修改软件信息', 2, 1030204, 1, now(), 2);
INSERT INTO PRIVILEGE_INFO VALUES (1030300, '产品管理', 1030000, '/operator/qry.action?flag=1', '产品管理菜单及查询', 1, 1030300, 1, now(), 2);
INSERT INTO PRIVILEGE_INFO VALUES (1030301, '添加产品', 1030300, '', '添加管理员', 2, 1030301, 1, now(), 2);
INSERT INTO PRIVILEGE_INFO VALUES (1030302, '详情', 1030300, '', '查看产品详情', 2, 1030302, 1, now(), 2);
INSERT INTO PRIVILEGE_INFO VALUES (1030303, '启用/停用/注销', 1030300, '', '启用或停用或注销产品', 2, 1030303, 1, now(), 2);
INSERT INTO PRIVILEGE_INFO VALUES (1030304, '修改', 1030300, '', '修改产品', 2, 1030304, 1, now(), 2);

INSERT INTO PRIVILEGE_INFO VALUES (1040000, '项目管理', null, null, '/statics/images/ico_gongsi.png', 0, 1040000, 1, now(), 2);
INSERT INTO PRIVILEGE_INFO VALUES (1040100, '下订单', 1040000, '/unit/qry.action?flag=1', '下订单', 1, 1040100, 1, now(), 2);
INSERT INTO PRIVILEGE_INFO VALUES (1040200, '订单管理', 1040000, '/operator/qry.action?flag=1', '订单管理菜单及查询', 1, 1040200, 1, now(), 2);
INSERT INTO PRIVILEGE_INFO VALUES (1040201, '确认', 1040200, '', '确认订单', 2, 1040201, 1, now(), 2);
INSERT INTO PRIVILEGE_INFO VALUES (1040202, '备货', 1040200, '', '订单产品备货', 2, 1040202, 1, now(), 2);
INSERT INTO PRIVILEGE_INFO VALUES (1040203, '发货', 1040200, '', '订单产品发货', 2, 1040203, 1, now(), 2);
INSERT INTO PRIVILEGE_INFO VALUES (1040204, '到货', 1040200, '', '订单产品到货', 2, 1040204, 1, now(), 2);
INSERT INTO PRIVILEGE_INFO VALUES (1040205, '实施', 1040200, '', '订单产品实施', 2, 1040205, 1, now(), 2);
INSERT INTO PRIVILEGE_INFO VALUES (1040206, '维护', 1040200, '', '订单产品维护', 2, 1040206, 1, now(), 2);
INSERT INTO PRIVILEGE_INFO VALUES (1040207, '确认详情', 1040200, '', '查看订单产品详情', 2, 1040207, 1, now(), 2);
INSERT INTO PRIVILEGE_INFO VALUES (1040208, '备货详情', 1040200, '', '查看订单产品备货详情', 2, 1040208, 1, now(), 2);
INSERT INTO PRIVILEGE_INFO VALUES (1040209, '发货详情', 1040200, '', '查看产品发货详情', 2, 1040209, 1, now(), 2);
INSERT INTO PRIVILEGE_INFO VALUES (104020901, '修改备货详情', 1040209, '', '修改产品发货详情', 2, 104020901, 1, now(), 2);
INSERT INTO PRIVILEGE_INFO VALUES (1040210, '到货详情', 1040200, '', '查看产品到货详情', 2, 1040210, 1, now(), 2);
INSERT INTO PRIVILEGE_INFO VALUES (104021001, '修改备货详情', 1040210, '', '修改产品备货详情', 2, 104021001, 1, now(), 2);
INSERT INTO PRIVILEGE_INFO VALUES (104021002, '修改发货详情', 1040210, '', '修改产品发货详情', 2, 104021002, 1, now(), 2);
INSERT INTO PRIVILEGE_INFO VALUES (1040211, '实施详情', 1040200, '', '查看产品实施详情', 2, 1040211, 1, now(), 2);
INSERT INTO PRIVILEGE_INFO VALUES (104021101, '修改备货详情', 1040211, '', '修改产品备货详情', 2, 104021101, 1, now(), 2);
INSERT INTO PRIVILEGE_INFO VALUES (104021102, '修改发货详情', 1040211, '', '修改产品发货详情', 2, 104021102, 1, now(), 2);
INSERT INTO PRIVILEGE_INFO VALUES (104021103, '修改到货详情', 1040211, '', '修改产品到货详情', 2, 104021103, 1, now(), 2);
INSERT INTO PRIVILEGE_INFO VALUES (1040212, '维护详情', 1040200, '', '查看产品维护详情', 2, 1040212, 1, now(), 2);
INSERT INTO PRIVILEGE_INFO VALUES (104021201, '修改备货详情', 1040212, '', '修改产品备货详情', 2, 104021201, 1, now(), 2);
INSERT INTO PRIVILEGE_INFO VALUES (104021202, '修改发货详情', 1040212, '', '修改产品发货详情', 2, 104021202, 1, now(), 2);
INSERT INTO PRIVILEGE_INFO VALUES (104021203, '修改到货详情', 1040212, '', '修改产品到货详情', 2, 104021203, 1, now(), 2);
INSERT INTO PRIVILEGE_INFO VALUES (104021204, '修改实施详情', 1040212, '', '修改产品实施详情', 2, 104021204, 1, now(), 2);

INSERT INTO PRIVILEGE_INFO VALUES (1050000, '库存管理', null, null, '/statics/images/ico_shoujianren.png', 0, 1050000, 1, now(), 2);
INSERT INTO PRIVILEGE_INFO VALUES (1050100, '库存管理', 1050000, '/operator/qry.action?flag=1', '库存管理菜单及查询', 1, 1050100, 1, now(), 2);
INSERT INTO PRIVILEGE_INFO VALUES (1050200, '入库管理', 1050000, '/operator/qry.action?flag=1', '产品管理菜单及查询', 1, 1050200, 1, now(), 2);

INSERT INTO PRIVILEGE_INFO VALUES (1060000, '客户管理', null, null, '/statics/images/ico_yonghuzu.png', 0, 1060000, 1, now(), 2);
INSERT INTO PRIVILEGE_INFO VALUES (1060100, '客户管理', 1060000, '/operator/qry.action?flag=1', '客户管理菜单及查询', 1, 1060100, 1, now(), 2);
INSERT INTO PRIVILEGE_INFO VALUES (1060101, '添加客户', 1060100, '', '添加客户', 2, 1060101, 1, now(), 2);
INSERT INTO PRIVILEGE_INFO VALUES (1060102, '详情', 1060100, '', '查看客户详情', 2, 1060102, 1, now(), 2);
INSERT INTO PRIVILEGE_INFO VALUES (1060103, '启用/停用/注销', 1060100, '', '启用或停用或注销客户', 2, 1060103, 1, now(), 2);
INSERT INTO PRIVILEGE_INFO VALUES (1060104, '修改', 1060100, '', '修改客户', 2, 1060104, 1, now(), 2);

INSERT INTO PRIVILEGE_INFO VALUES (1070000, '环境查询', null, null, '/statics/images/ico_guanliyuan.png', 0, 1070000, 1, now(), 2);
INSERT INTO PRIVILEGE_INFO VALUES (1070100, '环境查询', 1070000, '/operator/qry.action?flag=1', '环境查询菜单及查询', 1, 1070100, 1, now(), 2);
INSERT INTO PRIVILEGE_INFO VALUES (1070101, '添加环境', 1070100, '', '添加环境', 2, 1070101, 1, now(), 2);
INSERT INTO PRIVILEGE_INFO VALUES (1070102, '详情', 1070100, '', '查看环境详情', 2, 1070102, 1, now(), 2);
INSERT INTO PRIVILEGE_INFO VALUES (1070103, '启用/停用/注销', 1070100, '', '启用或停用或注销环境', 2, 1070103, 1, now(), 2);
INSERT INTO PRIVILEGE_INFO VALUES (1070104, '修改', 1070100, '', '修改环境', 2, 1070104, 1, now(), 2);

INSERT INTO PRIVILEGE_INFO VALUES (1080000, '常用工具', null, null, '/statics/images/ico_peizhi.png', 0, 1080000, 1, now(), 2);
INSERT INTO PRIVILEGE_INFO VALUES (1080100, '常用工具', 1080000, '/operator/qry.action?flag=1', '常用工具菜单及查询', 1, 1080100, 1, now(), 2);
INSERT INTO PRIVILEGE_INFO VALUES (1080101, '添加工具', 1080100, '', '添加工具', 2, 1080101, 1, now(), 2);
INSERT INTO PRIVILEGE_INFO VALUES (1080102, '详情', 1080100, '', '查看工具详情', 2, 1080102, 1, now(), 2);
INSERT INTO PRIVILEGE_INFO VALUES (1080103, '启用/停用/注销', 1080100, '', '启用或停用或注销工具', 2, 1080103, 1, now(), 2);
INSERT INTO PRIVILEGE_INFO VALUES (1080104, '修改', 1080100, '', '修改工具', 2, 1080104, 1, now(), 2);
INSERT INTO PRIVILEGE_INFO VALUES (1080200, 'License', 1080000, '/operator/qry.action?flag=1', 'License菜单及查询', 1, 1080200, 1, now(), 2);
INSERT INTO PRIVILEGE_INFO VALUES (1080201, '添加License', 1080200, '', '添加License', 2, 1080201, 1, now(), 2);
INSERT INTO PRIVILEGE_INFO VALUES (1080202, '详情', 1080200, '', '查看License详情', 2, 1080202, 1, now(), 2);
INSERT INTO PRIVILEGE_INFO VALUES (1080203, '启用/停用/注销', 1080200, '', '启用或停用或注销License', 2, 1080203, 1, now(), 2);
INSERT INTO PRIVILEGE_INFO VALUES (1080204, '修改', 1080200, '', '修改License', 2, 1080204, 1, now(), 2);

INSERT INTO PRIVILEGE_INFO VALUES (1090000, '统计', null, null, '/statics/images/ico_tongji.png', 0, 1090000, 1, now(), 2);
INSERT INTO PRIVILEGE_INFO VALUES (1090100, '出库统计', 1090000, '/operator/qry.action?flag=1', '出库统计菜单及查询', 1, 1090100, 1, now(), 2);

INSERT INTO PRIVILEGE_INFO VALUES (1100000, '日志管理', null, null, '/statics/images/ico_tongji.png', 0, 1100000, 1, now(), null);
INSERT INTO PRIVILEGE_INFO VALUES (1100100, '操作日志', 1100000, '/log/qryOperator.action?flag=1', '操作日志菜单及查询', 1, 1100100, 1, now(), null);
INSERT INTO PRIVILEGE_INFO VALUES (1100200, '用户登录日志', 1100000, '/log/qryAuth.action?flag=1', '用户登录系统的日志菜单及查询', 1, 1100200, 1, now(), null);
INSERT INTO PRIVILEGE_INFO VALUES (1100300, '应用访问日志', 1100000, '/log/qrySystem.action?flag=1', '用户访问应用的日志菜单及查询', 1, 1100300, 1, now(), null);

commit;

INSERT INTO OPERATOR_INFO VALUES ('1', '管理员','11111111',1,1,'',null,null,now(),now(),'13800138000',null,1);

INSERT INTO OPERATOR_PRIVILEGE_INFO VALUES ('1', '1020000');
INSERT INTO OPERATOR_PRIVILEGE_INFO VALUES ('1', '1020100');

INSERT INTO OPERATOR_PRIVILEGE_INFO VALUES ('1', '1030000');
INSERT INTO OPERATOR_PRIVILEGE_INFO VALUES ('1', '1030100');
INSERT INTO OPERATOR_PRIVILEGE_INFO VALUES ('1', '1030200');
INSERT INTO OPERATOR_PRIVILEGE_INFO VALUES ('1', '1030300');

INSERT INTO OPERATOR_PRIVILEGE_INFO VALUES ('1', '1040000');
INSERT INTO OPERATOR_PRIVILEGE_INFO VALUES ('1', '1040100');
INSERT INTO OPERATOR_PRIVILEGE_INFO VALUES ('1', '1040200');

INSERT INTO OPERATOR_PRIVILEGE_INFO VALUES ('1', '1050000');
INSERT INTO OPERATOR_PRIVILEGE_INFO VALUES ('1', '1050100');
INSERT INTO OPERATOR_PRIVILEGE_INFO VALUES ('1', '1050200');

INSERT INTO OPERATOR_PRIVILEGE_INFO VALUES ('1', '1060000');
INSERT INTO OPERATOR_PRIVILEGE_INFO VALUES ('1', '1060100');

INSERT INTO OPERATOR_PRIVILEGE_INFO VALUES ('1', '1070000');
INSERT INTO OPERATOR_PRIVILEGE_INFO VALUES ('1', '1070100');

INSERT INTO OPERATOR_PRIVILEGE_INFO VALUES ('1', '1080000');
INSERT INTO OPERATOR_PRIVILEGE_INFO VALUES ('1', '1080100');
INSERT INTO OPERATOR_PRIVILEGE_INFO VALUES ('1', '1080200');

INSERT INTO OPERATOR_PRIVILEGE_INFO VALUES ('1', '1090000');
INSERT INTO OPERATOR_PRIVILEGE_INFO VALUES ('1', '1090100');

INSERT INTO OPERATOR_PRIVILEGE_INFO VALUES ('1', '1100000');
INSERT INTO OPERATOR_PRIVILEGE_INFO VALUES ('1', '1100100');
INSERT INTO OPERATOR_PRIVILEGE_INFO VALUES ('1', '1100200');
INSERT INTO OPERATOR_PRIVILEGE_INFO VALUES ('1', '1100300');



